timestamp,day_of_week,link_id,traffic_volume (Mbps),packet_count (packets/hour),bandwidth_utilization (ratio)
2024-08-27 00:00:00,Tuesday,link_1,1991.1322234661002,1095378463,0.39822644469322005
2024-08-27 00:00:00,Tuesday,link_2,1331.0650542091648,782508806,0.26621301084183296
2024-08-27 00:00:00,Tuesday,link_3,586.5980584196309,278898911,0.11731961168392618
2024-08-27 00:00:00,Tuesday,link_4,390.8980622364743,248794424,0.07817961244729486
2024-08-27 00:00:00,Tuesday,link_5,1994.494766355845,1165199155,0.39889895327116903
2024-08-27 00:00:00,Tuesday,link_6,1327.198129885958,777832290,0.2654396259771916
2024-08-27 00:00:00,Tuesday,link_7,583.9080241078348,296702530,0.11678160482156695
2024-08-27 00:00:00,Tuesday,link_8,388.88053650262714,198038700,0.07777610730052542
2024-08-27 00:00:00,Tuesday,link_9,1995.5035292227685,971889618,0.3991007058445537
2024-08-27 00:00:00,Tuesday,link_10,1327.870638463907,763642888,0.2655741276927814
2024-08-27 00:00:00,Tuesday,link_11,585.9255498416819,348914506,0.11718510996833638
2024-08-27 00:00:00,Tuesday,link_12,385.51799361288226,186523284,0.07710359872257645
2024-08-27 00:00:00,Tuesday,link_13,2000.547343557386,1007787648,0.40010946871147723
2024-08-27 00:00:00,Tuesday,link_14,1329.3837827642922,800968492,0.2658767565528584
2024-08-27 00:00:00,Tuesday,link_15,589.9606013093758,298967127,0.11799212026187515
2024-08-27 00:00:00,Tuesday,link_16,390.8980622364743,219626431,0.07817961244729486
2024-08-27 00:00:00,Tuesday,link_17,1990.6278420326385,1122223142,0.3981255684065277
2024-08-27 00:00:00,Tuesday,link_18,1327.5343841749325,920626893,0.26550687683498647
2024-08-27 00:00:00,Tuesday,link_19,584.5805326857837,331545887,0.11691610653715674
2024-08-27 00:00:00,Tuesday,link_20,388.88053650262714,222981962,0.07777610730052542
2024-08-27 00:00:00,Tuesday,link_21,1993.149749199947,1037585762,0.3986299498399894
2024-08-27 00:00:00,Tuesday,link_22,1330.2244184867284,761422470,0.2660448836973457
2024-08-27 00:00:00,Tuesday,link_23,589.2880927314268,310683677,0.11785761854628536
2024-08-27 00:00:00,Tuesday,link_24,390.2255536585253,196879393,0.07804511073170506
2024-08-27 00:00:00,Tuesday,link_25,2239.960397307227,1406332782,0.2239960397307227
2024-08-27 00:00:00,Tuesday,link_26,1828.7214018914185,838217907,0.18287214018914186
2024-08-27 00:00:00,Tuesday,link_27,2134.040296280261,1285057760,0.2134040296280261
2024-08-27 00:00:00,Tuesday,link_28,1746.8855143122507,850546687,0.17468855143122508
2024-08-27 00:00:00,Tuesday,link_29,2383.540978699337,1381327832,0.2383540978699337
2024-08-27 00:00:00,Tuesday,link_30,1946.2422758880048,1127760635,0.19462422758880046
2024-08-27 00:00:00,Tuesday,link_31,2445.4117678706443,1354947149,0.24454117678706444
2024-08-27 00:00:00,Tuesday,link_32,1994.3266392113578,1104053027,0.1994326639211358
2024-08-27 00:00:00,Tuesday,link_33,2162.2856565541188,1366417901,0.21622856565541188
2024-08-27 00:00:00,Tuesday,link_34,1766.5984220033804,903642025,0.17665984220033804
2024-08-27 00:00:00,Tuesday,link_35,2360.003178471122,1305295153,0.23600031784711217
2024-08-27 00:00:00,Tuesday,link_36,1920.518822781456,1119474102,0.1920518822781456
2024-08-27 00:00:00,Tuesday,link_37,3856.3347644076284,1900304528,0.07712669528815257
2024-08-27 00:00:00,Tuesday,link_38,5159.656388472775,2719987856,0.1031931277694555
2024-08-27 00:00:00,Tuesday,link_39,3860.369815875323,2024034910,0.07720739631750646
2024-08-27 01:00:00,Tuesday,link_1,2148.16297641719,1305386718,0.42963259528343795
2024-08-27 01:00:00,Tuesday,link_2,1433.9588666353604,993364812,0.28679177332707206
2024-08-27 01:00:00,Tuesday,link_3,552.9726295221813,300781767,0.11059452590443625
2024-08-27 01:00:00,Tuesday,link_4,366.01524485236155,211731248,0.0732030489704723
2024-08-27 01:00:00,Tuesday,link_5,2150.1805021510368,1120706505,0.43003610043020735
2024-08-27 01:00:00,Tuesday,link_6,1429.5875608786919,807872284,0.28591751217573835
2024-08-27 01:00:00,Tuesday,link_7,548.2650694765382,303814255,0.10965301389530764
2024-08-27 01:00:00,Tuesday,link_8,364.6702276964636,216501137,0.07293404553929272
2024-08-27 01:00:00,Tuesday,link_9,2151.861773595909,1062225005,0.43037235471918184
2024-08-27 01:00:00,Tuesday,link_10,1429.7556880231791,853690043,0.2859511376046358
2024-08-27 01:00:00,Tuesday,link_11,551.6276123662833,282383025,0.11032552247325667
2024-08-27 01:00:00,Tuesday,link_12,361.3076848067185,162651106,0.0722615369613437
2024-08-27 01:00:00,Tuesday,link_13,2156.9055879305265,1311276818,0.4313811175861053
2024-08-27 01:00:00,Tuesday,link_14,1430.93257803459,880191912,0.286186515606918
2024-08-27 01:00:00,Tuesday,link_15,556.3351724119261,328038148,0.11126703448238523
2024-08-27 01:00:00,Tuesday,link_16,366.01524485236155,209382437,0.0732030489704723
2024-08-27 01:00:00,Tuesday,link_17,2146.4817049723174,1099913426,0.42929634099446345
2024-08-27 01:00:00,Tuesday,link_18,1428.915052300743,832930837,0.2857830104601486
2024-08-27 01:00:00,Tuesday,link_19,550.9551037883343,348518557,0.11019102075766686
2024-08-27 01:00:00,Tuesday,link_20,364.6702276964636,176858874,0.07293404553929272
2024-08-27 01:00:00,Tuesday,link_21,2147.1542135502664,1110432330,0.4294308427100533
2024-08-27 01:00:00,Tuesday,link_22,1432.7819766239497,640841270,0.28655639532478994
2024-08-27 01:00:00,Tuesday,link_23,554.3176466780792,271005133,0.11086352933561584
2024-08-27 01:00:00,Tuesday,link_24,364.6702276964636,217584806,0.07293404553929272
2024-08-27 01:00:00,Tuesday,link_25,2310.910052280846,1381468992,0.23109100522808457
2024-08-27 01:00:00,Tuesday,link_26,1886.0527581615702,1168388922,0.18860527581615702
2024-08-27 01:00:00,Tuesday,link_27,2200.9548997861857,1341331046,0.22009548997861858
2024-08-27 01:00:00,Tuesday,link_28,1800.22385090083,1049431701,0.180022385090083
2024-08-27 01:00:00,Tuesday,link_29,2456.844413695777,1551734952,0.24568444136957768
2024-08-27 01:00:00,Tuesday,link_30,2004.9186493140544,1196798745,0.20049186493140544
2024-08-27 01:00:00,Tuesday,link_31,2522.0777457568292,1315333849,0.25220777457568294
2024-08-27 01:00:00,Tuesday,link_32,2056.029301238178,1137129947,0.2056029301238178
2024-08-27 01:00:00,Tuesday,link_33,2229.200260060043,1362361914,0.2229200260060043
2024-08-27 01:00:00,Tuesday,link_34,1821.1556803894923,1087742302,0.18211556803894924
2024-08-27 01:00:00,Tuesday,link_35,2434.6516306234603,1490579462,0.24346516306234603
2024-08-27 01:00:00,Tuesday,link_36,1980.0358319299417,1189163658,0.19800358319299416
2024-08-27 01:00:00,Tuesday,link_37,3838.849541380955,2239374355,0.0767769908276191
2024-08-27 01:00:00,Tuesday,link_38,5143.516182601999,2500018005,0.10287032365203999
2024-08-27 01:00:00,Tuesday,link_39,3848.2646614722407,2303204312,0.07696529322944481
2024-08-27 02:00:00,Tuesday,link_1,2320.661426661106,1330065080,0.4641322853322212
2024-08-27 02:00:00,Tuesday,link_2,1548.53751560342,995776695,0.309707503120684
2024-08-27 02:00:00,Tuesday,link_3,506.56953764370087,278077052,0.10131390752874017
2024-08-27 02:00:00,Tuesday,link_4,332.3898159549119,168349433,0.06647796319098238
2024-08-27 02:00:00,Tuesday,link_5,2322.006443817004,1117287315,0.46440128876340075
2024-08-27 02:00:00,Tuesday,link_6,1543.8299555577769,850354893,0.3087659911115554
2024-08-27 02:00:00,Tuesday,link_7,499.8444518642109,234345507,0.09996889037284218
2024-08-27 02:00:00,Tuesday,link_8,331.71730737696294,212524685,0.06634346147539259
2024-08-27 02:00:00,Tuesday,link_9,2323.0152066839273,1334431100,0.4646030413367855
2024-08-27 02:00:00,Tuesday,link_10,1542.7371291186098,824065787,0.30854742582372197
2024-08-27 02:00:00,Tuesday,link_11,503.20699475395577,249613149,0.10064139895079115
2024-08-27 02:00:00,Tuesday,link_12,328.35476448721806,218139141,0.06567095289744361
2024-08-27 02:00:00,Tuesday,link_13,2328.059021018545,1418356603,0.465611804203709
2024-08-27 02:00:00,Tuesday,link_14,1543.2415105520715,900996088,0.30864830211041433
2024-08-27 02:00:00,Tuesday,link_15,509.25957195549677,310963560,0.10185191439109935
2024-08-27 02:00:00,Tuesday,link_16,333.0623245328609,207665171,0.06661246490657217
2024-08-27 02:00:00,Tuesday,link_17,2317.6351380603355,1308382724,0.4635270276120671
2024-08-27 02:00:00,Tuesday,link_18,1542.1486841129044,751022038,0.3084297368225809
2024-08-27 02:00:00,Tuesday,link_19,503.20699475395577,285276121,0.10064139895079115
2024-08-27 02:00:00,Tuesday,link_20,331.04479879901396,170084278,0.06620895975980279
2024-08-27 02:00:00,Tuesday,link_21,2317.6351380603355,1414042565,0.4635270276120671
2024-08-27 02:00:00,Tuesday,link_22,1545.6793541471368,861577035,0.30913587082942734
2024-08-27 02:00:00,Tuesday,link_23,505.8970290657519,290895586,0.10117940581315038
2024-08-27 02:00:00,Tuesday,link_24,330.372290221065,196857687,0.066074458044213
2024-08-27 02:00:00,Tuesday,link_25,2392.2835902126735,1221628034,0.23922835902126735
2024-08-27 02:00:00,Tuesday,link_26,1953.8079973899312,1054586844,0.1953807997389931
2024-08-27 02:00:00,Tuesday,link_27,2277.957131961345,1190114481,0.2277957131961345
2024-08-27 02:00:00,Tuesday,link_28,1862.3468307888681,1184923898,0.18623468307888683
2024-08-27 02:00:00,Tuesday,link_29,2542.925511673248,1500058922,0.2542925511673248
2024-08-27 02:00:00,Tuesday,link_30,2074.523287131775,1127719912,0.20745232871317748
2024-08-27 02:00:00,Tuesday,link_31,2609.503860890198,1467194690,0.2609503860890198
2024-08-27 02:00:00,Tuesday,link_32,2127.98771907872,1181666044,0.21279877190787203
2024-08-27 02:00:00,Tuesday,link_33,2306.875000813152,1104884057,0.2306875000813152
2024-08-27 02:00:00,Tuesday,link_34,1886.0527581615702,903467389,0.18860527581615702
2024-08-27 02:00:00,Tuesday,link_35,2520.0602200229823,1635153496,0.2520060220022982
2024-08-27 02:00:00,Tuesday,link_36,2050.3129783256113,1080481194,0.20503129783256113
2024-08-27 02:00:00,Tuesday,link_37,3838.849541380955,2583656419,0.0767769908276191
2024-08-27 02:00:00,Tuesday,link_38,5143.516182601999,2961689425,0.10287032365203999
2024-08-27 02:00:00,Tuesday,link_39,3849.6096786281387,1565293103,0.07699219357256278
2024-08-27 03:00:00,Tuesday,link_1,2487.1072997034817,1344843185,0.4974214599406963
2024-08-27 03:00:00,Tuesday,link_2,1659.76938360153,991921457,0.331953876720306
2024-08-27 03:00:00,Tuesday,link_3,454.1138685636795,312649040,0.0908227737127359
2024-08-27 03:00:00,Tuesday,link_4,296.0743527456664,169620220,0.059214870549133276
2024-08-27 03:00:00,Tuesday,link_5,2487.7798082814306,1476142140,0.4975559616562861
2024-08-27 03:00:00,Tuesday,link_6,1654.8779344916043,811522717,0.33097558689832085
2024-08-27 03:00:00,Tuesday,link_7,448.0612913621385,276112350,0.08961225827242769
2024-08-27 03:00:00,Tuesday,link_8,296.74686132361535,167056938,0.05934937226472307
2024-08-27 03:00:00,Tuesday,link_9,2487.1072997034817,1282967097,0.4974214599406963
2024-08-27 03:00:00,Tuesday,link_10,1651.99875714226,961214631,0.330399751428452
2024-08-27 03:00:00,Tuesday,link_11,449.40630851803644,245069096,0.08988126170360729
2024-08-27 03:00:00,Tuesday,link_12,292.7118098559215,142167666,0.0585423619711843
2024-08-27 03:00:00,Tuesday,link_13,2491.8148597491245,1519511760,0.4983629719498249
2024-08-27 03:00:00,Tuesday,link_14,1652.5451703618437,979346257,0.33050903407236876
2024-08-27 03:00:00,Tuesday,link_15,456.1313942975264,251377201,0.09122627885950528
2024-08-27 03:00:00,Tuesday,link_16,297.4193699015643,164003620,0.059483873980312865
2024-08-27 03:00:00,Tuesday,link_17,2482.399739657839,1709797957,0.49647994793156774
2024-08-27 03:00:00,Tuesday,link_18,1652.0618048214428,921506196,0.33041236096428855
2024-08-27 03:00:00,Tuesday,link_19,450.0788170959854,235515429,0.09001576341919708
2024-08-27 03:00:00,Tuesday,link_20,294.05682701181945,147773104,0.05881136540236389
2024-08-27 03:00:00,Tuesday,link_21,2483.072248235788,1276266043,0.49661444964715756
2024-08-27 03:00:00,Tuesday,link_22,1654.851664625278,827374981,0.3309703329250556
2024-08-27 03:00:00,Tuesday,link_23,452.09634282983234,230609534,0.09041926856596647
2024-08-27 03:00:00,Tuesday,link_24,293.3843184338705,167794683,0.0586768636867741
2024-08-27 03:00:00,Tuesday,link_25,2476.3471624562976,1515491210,0.24763471624562977
2024-08-27 03:00:00,Tuesday,link_26,2024.4213980745753,1034613162,0.20244213980745754
2024-08-27 03:00:00,Tuesday,link_27,2358.658161315224,1393630450,0.23586581613152238
2024-08-27 03:00:00,Tuesday,link_28,1926.739527127484,961706474,0.1926739527127484
2024-08-27 03:00:00,Tuesday,link_29,2632.369152540464,1379933668,0.26323691525404636
2024-08-27 03:00:00,Tuesday,link_30,2147.8267221282154,1160943553,0.21478267221282155
2024-08-27 03:00:00,Tuesday,link_31,2698.947501757414,1708622577,0.2698947501757414
2024-08-27 03:00:00,Tuesday,link_32,2202.9724255200326,1112312469,0.22029724255200325
2024-08-27 03:00:00,Tuesday,link_33,2387.5760301670307,1458539362,0.23875760301670307
2024-08-27 03:00:00,Tuesday,link_34,1953.4717431009567,1020320725,0.19534717431009568
2024-08-27 03:00:00,Tuesday,link_35,2607.486335156351,1674629786,0.2607486335156351
2024-08-27 03:00:00,Tuesday,link_36,2124.625176188975,1035440505,0.21246251761889748
2024-08-27 03:00:00,Tuesday,link_37,3854.9897472517305,2230799282,0.0770997949450346
2024-08-27 03:00:00,Tuesday,link_38,5165.036457096367,3162412470,0.10330072914192732
2024-08-27 03:00:00,Tuesday,link_39,3869.784935966609,2046199302,0.07739569871933218
2024-08-27 04:00:00,Tuesday,link_1,2636.4042040081576,1360307939,0.5272808408016315
2024-08-27 04:00:00,Tuesday,link_2,1759.368954790429,964857484,0.3518737909580858
2024-08-27 04:00:00,Tuesday,link_3,405.69325095135196,235973053,0.08113865019027039
2024-08-27 04:00:00,Tuesday,link_4,263.7939410041147,159933382,0.052758788200822936
2024-08-27 04:00:00,Tuesday,link_5,2635.7316954302087,1215016116,0.5271463390860417
2024-08-27 04:00:00,Tuesday,link_6,1754.829521889273,982817315,0.35096590437785463
2024-08-27 04:00:00,Tuesday,link_7,400.98569090570913,200142628,0.08019713818114182
2024-08-27 04:00:00,Tuesday,link_8,265.13895816001263,181182633,0.053027791632002524
2024-08-27 04:00:00,Tuesday,link_9,2633.7141696963618,1472014870,0.5267428339392723
2024-08-27 04:00:00,Tuesday,link_10,1750.2900889881175,1065957376,0.3500580177976235
2024-08-27 04:00:00,Tuesday,link_11,400.31318232776016,220183460,0.08006263646555203
2024-08-27 04:00:00,Tuesday,link_12,259.75888953642084,161068081,0.05195177790728417
2024-08-27 04:00:00,Tuesday,link_13,2638.4217297420046,1349799495,0.527684345948401
2024-08-27 04:00:00,Tuesday,link_14,1751.0466611383101,876611161,0.35020933222766204
2024-08-27 04:00:00,Tuesday,link_15,407.7107766851989,245369039,0.08154215533703978
2024-08-27 04:00:00,Tuesday,link_16,265.13895816001263,177454127,0.053027791632002524
2024-08-27 04:00:00,Tuesday,link_17,2629.679118228668,1673405751,0.5259358236457335
2024-08-27 04:00:00,Tuesday,link_18,1750.5422797048484,1065779264,0.3501084559409697
2024-08-27 04:00:00,Tuesday,link_19,401.6581994836581,230242609,0.08033163989673162
2024-08-27 04:00:00,Tuesday,link_20,261.1039066923188,168035790,0.05222078133846376
2024-08-27 04:00:00,Tuesday,link_21,2632.369152540464,1607396235,0.5264738305080927
2024-08-27 04:00:00,Tuesday,link_22,1752.7279325831826,1001653913,0.35054558651663653
2024-08-27 04:00:00,Tuesday,link_23,404.348233795454,210917081,0.08086964675909081
2024-08-27 04:00:00,Tuesday,link_24,259.75888953642084,150043616,0.05195177790728417
2024-08-27 04:00:00,Tuesday,link_25,2559.7382261219727,1321214471,0.25597382261219725
2024-08-27 04:00:00,Tuesday,link_26,2093.6897816033215,1125162823,0.20936897816033215
2024-08-27 04:00:00,Tuesday,link_27,2437.341664935256,1507051216,0.2437341664935256
2024-08-27 04:00:00,Tuesday,link_28,1989.9553334546895,1226293275,0.19899553334546896
2024-08-27 04:00:00,Tuesday,link_29,2721.1402848297307,1702877132,0.27211402848297306
2024-08-27 04:00:00,Tuesday,link_30,2220.793902835681,1372579661,0.2220793902835681
2024-08-27 04:00:00,Tuesday,link_31,2787.0461254687316,1461543145,0.2787046125468732
2024-08-27 04:00:00,Tuesday,link_32,2277.284623383396,1270946413,0.22772846233833963
2024-08-27 04:00:00,Tuesday,link_33,2467.604550942961,1486799763,0.2467604550942961
2024-08-27 04:00:00,Tuesday,link_34,2019.3775837399578,1053463724,0.20193775837399577
2024-08-27 04:00:00,Tuesday,link_35,2694.2399417117713,1459173638,0.26942399417117713
2024-08-27 04:00:00,Tuesday,link_36,2198.6011197633643,1199736073,0.21986011197633643
2024-08-27 04:00:00,Tuesday,link_37,3889.960193305078,2288302039,0.07779920386610156
2024-08-27 04:00:00,Tuesday,link_38,5210.767040396899,3107725102,0.10421534080793797
2024-08-27 04:00:00,Tuesday,link_39,3906.1003991758544,2734875713,0.07812200798351708
2024-08-27 05:00:00,Tuesday,link_1,2765.5258509743644,1525623027,0.5531051701948729
2024-08-27 05:00:00,Tuesday,link_2,1845.365989195656,1078829369,0.36907319783913123
2024-08-27 05:00:00,Tuesday,link_3,368.03277058620847,219776221,0.0736065541172417
2024-08-27 05:00:00,Tuesday,link_4,238.23861504205297,152883346,0.047647723008410595
2024-08-27 05:00:00,Tuesday,link_5,2764.1808338184665,1468915224,0.5528361667636933
2024-08-27 05:00:00,Tuesday,link_6,1841.6671920169367,1126502026,0.36833343840338734
2024-08-27 05:00:00,Tuesday,link_7,363.3252105405654,210643665,0.07266504210811309
2024-08-27 05:00:00,Tuesday,link_8,240.9286493538491,123197611,0.04818572987076982
2024-08-27 05:00:00,Tuesday,link_9,2760.818290928721,1441006476,0.5521636581857442
2024-08-27 05:00:00,Tuesday,link_10,1835.6146148153957,943972768,0.36712292296307913
2024-08-27 05:00:00,Tuesday,link_11,361.9801933846675,167254613,0.07239603867693349
2024-08-27 05:00:00,Tuesday,link_12,234.20356357435912,160108958,0.04684071271487183
2024-08-27 05:00:00,Tuesday,link_13,2764.8533423964154,1906975354,0.5529706684792831
2024-08-27 05:00:00,Tuesday,link_14,1836.9596319712937,1046906359,0.3673919263942587
2024-08-27 05:00:00,Tuesday,link_15,368.70527916415745,228034612,0.07374105583283148
2024-08-27 05:00:00,Tuesday,link_16,239.58363219795115,142811170,0.04791672643959023
2024-08-27 05:00:00,Tuesday,link_17,2756.7832394610273,1546452762,0.5513566478922055
2024-08-27 05:00:00,Tuesday,link_18,1835.6146148153957,986966579,0.36712292296307913
2024-08-27 05:00:00,Tuesday,link_19,363.9977191185146,195201900,0.07279954382370292
2024-08-27 05:00:00,Tuesday,link_20,234.20356357435912,113783993,0.04684071271487183
2024-08-27 05:00:00,Tuesday,link_21,2761.49079950667,1526461298,0.552298159901334
2024-08-27 05:00:00,Tuesday,link_22,1837.6321405492426,866155275,0.36752642810984854
2024-08-27 05:00:00,Tuesday,link_23,366.01524485236155,182537697,0.0732030489704723
2024-08-27 05:00:00,Tuesday,link_24,234.20356357435912,140979753,0.04684071271487183
2024-08-27 05:00:00,Tuesday,link_25,2640.4392554758515,1533035747,0.26404392554758516
2024-08-27 05:00:00,Tuesday,link_26,2160.2681308202714,1153022179,0.21602681308202715
2024-08-27 05:00:00,Tuesday,link_27,2514.68015139939,1396173624,0.251468015139939
2024-08-27 05:00:00,Tuesday,link_28,2050.9854869035603,1137505598,0.20509854869035604
2024-08-27 05:00:00,Tuesday,link_29,2807.8938913851507,1515090030,0.2807893891385151
2024-08-27 05:00:00,Tuesday,link_30,2291.7435578092995,1350877141,0.22917435578092996
2024-08-27 05:00:00,Tuesday,link_31,2873.127223446203,1403710017,0.2873127223446203
2024-08-27 05:00:00,Tuesday,link_32,2349.915549801887,1268275141,0.23499155498018873
2024-08-27 05:00:00,Tuesday,link_33,2546.288054562993,1654478608,0.2546288054562993
2024-08-27 05:00:00,Tuesday,link_34,2082.9296443561375,1118535340,0.20829296443561374
2024-08-27 05:00:00,Tuesday,link_35,2778.303513955395,1433550227,0.27783035139553947
2024-08-27 05:00:00,Tuesday,link_36,2270.5595376039064,1023483426,0.22705595376039064
2024-08-27 05:00:00,Tuesday,link_37,3939.725828073304,2324314536,0.07879451656146608
2024-08-27 05:00:00,Tuesday,link_38,5278.017898191797,3182922786,0.10556035796383594
2024-08-27 05:00:00,Tuesday,link_39,3957.2110510999773,2499110394,0.07914422102199954
2024-08-27 06:00:00,Tuesday,link_1,2877.834783491846,1730311986,0.5755669566983692
2024-08-27 06:00:00,Tuesday,link_2,1919.0056784810708,1155966963,0.38380113569621416
2024-08-27 06:00:00,Tuesday,link_3,340.45991889029983,181291957,0.06809198377805997
2024-08-27 06:00:00,Tuesday,link_4,219.40837485948123,137394924,0.043881674971896246
2024-08-27 06:00:00,Tuesday,link_5,2873.799732024152,1554604765,0.5747599464048304
2024-08-27 06:00:00,Tuesday,link_6,1916.8200256027365,1156151926,0.3833640051205473
2024-08-27 06:00:00,Tuesday,link_7,336.42486742260576,191504295,0.06728497348452116
2024-08-27 06:00:00,Tuesday,link_8,223.4434263271753,123090148,0.04468868526543506
2024-08-27 06:00:00,Tuesday,link_9,2871.109697712356,1744982806,0.5742219395424712
2024-08-27 06:00:00,Tuesday,link_10,1909.4224312452975,1022506337,0.3818844862490595
2024-08-27 06:00:00,Tuesday,link_11,334.40734168875883,218179761,0.06688146833775177
2024-08-27 06:00:00,Tuesday,link_12,216.71834054768533,121984749,0.04334366810953707
2024-08-27 06:00:00,Tuesday,link_13,2873.799732024152,1554629585,0.5747599464048304
2024-08-27 06:00:00,Tuesday,link_14,1911.608084123632,1121321151,0.3823216168247264
2024-08-27 06:00:00,Tuesday,link_15,340.45991889029983,206611895,0.06809198377805997
2024-08-27 06:00:00,Tuesday,link_16,222.09840917127735,108486394,0.04441968183425547
2024-08-27 06:00:00,Tuesday,link_17,2867.074646244662,1857775921,0.5734149292489323
2024-08-27 06:00:00,Tuesday,link_18,1908.5817955228613,1083279557,0.38171635910457224
2024-08-27 06:00:00,Tuesday,link_19,337.76988457850393,202431641,0.06755397691570078
2024-08-27 06:00:00,Tuesday,link_20,215.37332339178738,111785250,0.04307466467835747
2024-08-27 06:00:00,Tuesday,link_21,2874.472240602101,1446695284,0.5748944481204202
2024-08-27 06:00:00,Tuesday,link_22,1911.1037026901702,1193660620,0.382220740538034
2024-08-27 06:00:00,Tuesday,link_23,338.4423931564529,196699373,0.06768847863129059
2024-08-27 06:00:00,Tuesday,link_24,215.37332339178738,122737499,0.04307466467835747
2024-08-27 06:00:00,Tuesday,link_25,2721.1402848297307,1709410099,0.27211402848297306
2024-08-27 06:00:00,Tuesday,link_26,2225.5014628813237,1279582767,0.22255014628813238
2024-08-27 06:00:00,Tuesday,link_27,2591.3461292855754,1220119576,0.25913461292855755
2024-08-27 06:00:00,Tuesday,link_28,2111.51125891897,1325140899,0.21115112589189697
2024-08-27 06:00:00,Tuesday,link_29,2893.3024807846723,1488261427,0.28933024807846724
2024-08-27 06:00:00,Tuesday,link_30,2362.020704204969,1254320753,0.23620207042049693
2024-08-27 06:00:00,Tuesday,link_31,2958.5358128457246,1625022562,0.29585358128457245
2024-08-27 06:00:00,Tuesday,link_32,2421.8739676424293,1265103883,0.24218739676424292
2024-08-27 06:00:00,Tuesday,link_33,2623.626541027127,1251490641,0.2623626541027127
2024-08-27 06:00:00,Tuesday,link_34,2144.8004335274445,1242810970,0.21448004335274445
2024-08-27 06:00:00,Tuesday,link_35,2861.022069043121,1749341201,0.2861022069043121
2024-08-27 06:00:00,Tuesday,link_36,2341.1729382885505,1359405338,0.23411729382885504
2024-08-27 06:00:00,Tuesday,link_37,4002.9416344005094,2637426495,0.08005883268801019
2024-08-27 06:00:00,Tuesday,link_38,5364.0989961692685,2801870470,0.10728197992338537
2024-08-27 06:00:00,Tuesday,link_39,4021.7718745830807,2235828183,0.08043543749166161
2024-08-27 07:00:00,Tuesday,link_1,2967.9509329370107,1809459442,0.5935901865874021
2024-08-27 07:00:00,Tuesday,link_2,1979.0270690630182,950384362,0.39580541381260365
2024-08-27 07:00:00,Tuesday,link_3,322.30218728567706,191653524,0.06446043745713541
2024-08-27 07:00:00,Tuesday,link_4,208.6482376122974,113846534,0.04172964752245948
2024-08-27 07:00:00,Tuesday,link_5,2963.2433728913675,1553024075,0.5926486745782735
2024-08-27 07:00:00,Tuesday,link_6,1978.5226876295565,1132381642,0.3957045375259113
2024-08-27 07:00:00,Tuesday,link_7,319.61215297388117,166684408,0.06392243059477623
2024-08-27 07:00:00,Tuesday,link_8,212.68328907999148,135852254,0.042536657815998295
2024-08-27 07:00:00,Tuesday,link_9,2961.2258471575205,1579838034,0.5922451694315041
2024-08-27 07:00:00,Tuesday,link_10,1969.7800761162196,1172613187,0.3939560152232439
2024-08-27 07:00:00,Tuesday,link_11,316.92211866208504,168140398,0.06338442373241701
2024-08-27 07:00:00,Tuesday,link_12,205.9582033005015,99717473,0.0411916406601003
2024-08-27 07:00:00,Tuesday,link_13,2961.8983557354695,1580786021,0.5923796711470939
2024-08-27 07:00:00,Tuesday,link_14,1972.8063647169902,1189433686,0.39456127294339804
2024-08-27 07:00:00,Tuesday,link_15,322.30218728567706,152977680,0.06446043745713541
2024-08-27 07:00:00,Tuesday,link_16,211.3382719240933,121233801,0.04226765438481866
2024-08-27 07:00:00,Tuesday,link_17,2956.5182871118777,1514026821,0.5913036574223756
2024-08-27 07:00:00,Tuesday,link_18,1967.7625503823726,1194640942,0.3935525100764745
2024-08-27 07:00:00,Tuesday,link_19,320.9571701297791,187803867,0.06419143402595583
2024-08-27 07:00:00,Tuesday,link_20,201.92315183280743,105062883,0.04038463036656149
2024-08-27 07:00:00,Tuesday,link_21,2965.9334072031634,1680554549,0.5931866814406327
2024-08-27 07:00:00,Tuesday,link_22,1971.1250932721177,1129379393,0.39422501865442355
2024-08-27 07:00:00,Tuesday,link_23,320.9571701297791,168297860,0.06419143402595583
2024-08-27 07:00:00,Tuesday,link_24,203.26816898870538,114158949,0.040653633797741076
2024-08-27 07:00:00,Tuesday,link_25,2797.1337541379667,1493256128,0.27971337541379665
2024-08-27 07:00:00,Tuesday,link_26,2286.699743474682,1372849481,0.2286699743474682
2024-08-27 07:00:00,Tuesday,link_27,2663.3045471261175,1453508242,0.26633045471261174
2024-08-27 07:00:00,Tuesday,link_28,2168.674488044634,1243778492,0.2168674488044634
2024-08-27 07:00:00,Tuesday,link_29,2974.0035101385515,1429175040,0.29740035101385515
2024-08-27 07:00:00,Tuesday,link_30,2429.271561999868,1595413388,0.2429271561999868
2024-08-27 07:00:00,Tuesday,link_31,3039.909350777553,1640493948,0.30399093507775526
2024-08-27 07:00:00,Tuesday,link_32,2489.7973340152776,1534064967,0.24897973340152776
2024-08-27 07:00:00,Tuesday,link_33,2696.257467445618,1593958017,0.2696257467445618
2024-08-27 07:00:00,Tuesday,link_34,2202.9724255200326,1166014750,0.22029724255200325
2024-08-27 07:00:00,Tuesday,link_35,2940.378081241102,1630930471,0.2940378081241102
2024-08-27 07:00:00,Tuesday,link_36,2407.7512875055004,1275715651,0.24077512875055004
2024-08-27 07:00:00,Tuesday,link_37,4079.6076122866943,2343049597,0.08159215224573389
2024-08-27 07:00:00,Tuesday,link_38,5469.010334329311,2627175205,0.10938020668658623
2024-08-27 07:00:00,Tuesday,link_39,4098.437852469266,3021750580,0.08196875704938532
2024-08-27 08:00:00,Tuesday,link_1,3035.8742993098585,1957476549,0.6071748598619717
2024-08-27 08:00:00,Tuesday,link_2,2024.0851437856008,1218639875,0.40481702875712017
2024-08-27 08:00:00,Tuesday,link_3,313.55957577234017,158637241,0.06271191515446803
2024-08-27 08:00:00,Tuesday,link_4,201.92315183280743,93319075,0.04038463036656149
2024-08-27 08:00:00,Tuesday,link_5,3030.4942306862667,1848428902,0.6060988461372534
2024-08-27 08:00:00,Tuesday,link_6,2025.4301609414988,1187478971,0.40508603218829975
2024-08-27 08:00:00,Tuesday,link_7,310.86954146054427,169268537,0.06217390829210885
2024-08-27 08:00:00,Tuesday,link_8,207.30322045639946,123158955,0.04146064409127989
2024-08-27 08:00:00,Tuesday,link_9,3029.149213530369,1726940585,0.6058298427060738
2024-08-27 08:00:00,Tuesday,link_10,2015.3425322722637,1112806108,0.40306850645445275
2024-08-27 08:00:00,Tuesday,link_11,307.50699857079917,151279218,0.061501399714159834
2024-08-27 08:00:00,Tuesday,link_12,200.57813467690949,118153645,0.0401156269353819
2024-08-27 08:00:00,Tuesday,link_13,3028.47670495242,1746455560,0.6056953409904839
2024-08-27 08:00:00,Tuesday,link_14,2019.7138380289323,1217128494,0.40394276760578646
2024-08-27 08:00:00,Tuesday,link_15,312.2145586164422,151965543,0.06244291172328845
2024-08-27 08:00:00,Tuesday,link_16,205.9582033005015,108124944,0.0411916406601003
2024-08-27 08:00:00,Tuesday,link_17,3025.114162062675,1527256910,0.605022832412535
2024-08-27 08:00:00,Tuesday,link_18,2012.3162436714933,1087872375,0.4024632487342987
2024-08-27 08:00:00,Tuesday,link_19,312.8870671943912,149270962,0.06257741343887824
2024-08-27 08:00:00,Tuesday,link_20,196.54308320921564,112950399,0.039308616641843125
2024-08-27 08:00:00,Tuesday,link_21,3035.2017907319096,1446021802,0.6070403581463819
2024-08-27 08:00:00,Tuesday,link_22,2016.6875494281617,1442958852,0.40333750988563233
2024-08-27 08:00:00,Tuesday,link_23,311.54205003849324,187303028,0.06230841000769865
2024-08-27 08:00:00,Tuesday,link_24,196.54308320921564,118358069,0.039308616641843125
2024-08-27 08:00:00,Tuesday,link_25,2867.074646244662,1678154139,0.28670746462446617
2024-08-27 08:00:00,Tuesday,link_26,2342.854209733423,1147747698,0.2342854209733423
2024-08-27 08:00:00,Tuesday,link_27,2729.882896343068,1684947732,0.27298828963430677
2024-08-27 08:00:00,Tuesday,link_28,2221.8026657026044,980477222,0.22218026657026044
2024-08-27 08:00:00,Tuesday,link_29,3047.979453712941,1856154255,0.3047979453712941
2024-08-27 08:00:00,Tuesday,link_30,2491.8148597491245,1358428789,0.24918148597491244
2024-08-27 08:00:00,Tuesday,link_31,3115.23031150784,1662263760,0.311523031150784
2024-08-27 08:00:00,Tuesday,link_32,2553.013140342483,1291591569,0.2553013140342483
2024-08-27 08:00:00,Tuesday,link_33,2762.8358166625685,1537491357,0.27628358166625683
2024-08-27 08:00:00,Tuesday,link_34,2256.4368574669775,1224324650,0.22564368574669774
2024-08-27 08:00:00,Tuesday,link_35,3014.3540248154914,1707478153,0.30143540248154915
2024-08-27 08:00:00,Tuesday,link_36,2470.294585254757,1525224032,0.24702945852547567
2024-08-27 08:00:00,Tuesday,link_37,4167.033727420063,2418364366,0.08334067454840126
2024-08-27 08:00:00,Tuesday,link_38,5587.3718440483335,3339123447,0.11174743688096667
2024-08-27 08:00:00,Tuesday,link_39,4187.208984758533,2221855242,0.08374417969517066
2024-08-27 09:00:00,Tuesday,link_1,3076.2248139867984,1558001412,0.6152449627973596
2024-08-27 09:00:00,Tuesday,link_2,2051.6579954815093,933629408,0.41033159909630185
2024-08-27 09:00:00,Tuesday,link_3,312.2145586164422,173365370,0.06244291172328845
2024-08-27 09:00:00,Tuesday,link_4,201.92315183280743,127376243,0.04038463036656149
2024-08-27 09:00:00,Tuesday,link_5,3070.844745363206,1723864715,0.6141689490726412
2024-08-27 09:00:00,Tuesday,link_6,2054.6842840822796,1082355566,0.4109368568164559
2024-08-27 09:00:00,Tuesday,link_7,310.86954146054427,153724420,0.06217390829210885
2024-08-27 09:00:00,Tuesday,link_8,207.30322045639946,116413670,0.04146064409127989
2024-08-27 09:00:00,Tuesday,link_9,3069.499728207308,1770432568,0.6138999456414617
2024-08-27 09:00:00,Tuesday,link_10,2043.251638257147,1010827316,0.4086503276514294
2024-08-27 09:00:00,Tuesday,link_11,307.50699857079917,184743515,0.061501399714159834
2024-08-27 09:00:00,Tuesday,link_12,201.92315183280743,110745751,0.04038463036656149
2024-08-27 09:00:00,Tuesday,link_13,3068.1547110514102,1428658540,0.613630942210282
2024-08-27 09:00:00,Tuesday,link_14,2048.631706880739,1236852201,0.4097263413761478
2024-08-27 09:00:00,Tuesday,link_15,310.86954146054427,124344907,0.06217390829210885
2024-08-27 09:00:00,Tuesday,link_16,207.30322045639946,133630087,0.04146064409127989
2024-08-27 09:00:00,Tuesday,link_17,3065.4646767396143,1615700934,0.6130929353479229
2024-08-27 09:00:00,Tuesday,link_18,2039.216586789453,1008328899,0.4078433173578906
2024-08-27 09:00:00,Tuesday,link_19,312.2145586164422,182358310,0.06244291172328845
2024-08-27 09:00:00,Tuesday,link_20,195.1980660533177,139499958,0.039039613210663536
2024-08-27 09:00:00,Tuesday,link_21,3077.5698311426963,1558447476,0.6155139662285393
2024-08-27 09:00:00,Tuesday,link_22,2044.9329097020195,1340291280,0.4089865819404039
2024-08-27 09:00:00,Tuesday,link_23,310.19703288259507,176674485,0.06203940657651901
2024-08-27 09:00:00,Tuesday,link_24,196.54308320921564,101284859,0.039308616641843125
2024-08-27 09:00:00,Tuesday,link_25,2926.927909682122,1684740131,0.2926927909682122
2024-08-27 09:00:00,Tuesday,link_26,2390.9385730567756,1342363869,0.23909385730567756
2024-08-27 09:00:00,Tuesday,link_27,2786.3736168907826,1512622464,0.27863736168907827
2024-08-27 09:00:00,Tuesday,link_28,2267.533249003136,1371866859,0.2267533249003136
2024-08-27 09:00:00,Tuesday,link_29,3109.850242884248,1344159716,0.3109850242884248
2024-08-27 09:00:00,Tuesday,link_30,2545.615545985044,1528942286,0.2545615545985044
2024-08-27 09:00:00,Tuesday,link_31,3181.136152146841,1723237553,0.3181136152146841
2024-08-27 09:00:00,Tuesday,link_32,2606.813826578402,1479116496,0.2606813826578402
2024-08-27 09:00:00,Tuesday,link_33,2819.9990457882323,1417034948,0.28199990457882324
2024-08-27 09:00:00,Tuesday,link_34,2301.831186478534,1331531983,0.23018311864785343
2024-08-27 09:00:00,Tuesday,link_35,3077.5698311426963,1868080918,0.30775698311426963
2024-08-27 09:00:00,Tuesday,link_36,2523.422762912727,1556779816,0.2523422762912727
2024-08-27 09:00:00,Tuesday,link_37,4265.219979800616,2922909869,0.08530439959601231
2024-08-27 09:00:00,Tuesday,link_38,5719.183525326336,3096255907,0.11438367050652673
2024-08-27 09:00:00,Tuesday,link_39,4282.705202827289,2365279620,0.08565410405654579
2024-08-27 10:00:00,Tuesday,link_1,3093.710037013472,1671487330,0.6187420074026945
2024-08-27 10:00:00,Tuesday,link_2,2064.7719127515147,1248955281,0.4129543825503029
2024-08-27 10:00:00,Tuesday,link_3,320.9571701297791,182565713,0.06419143402595583
2024-08-27 10:00:00,Tuesday,link_4,208.6482376122974,126968660,0.04172964752245948
2024-08-27 10:00:00,Tuesday,link_5,3091.0200027016763,1678806799,0.6182040005403353
2024-08-27 10:00:00,Tuesday,link_6,2069.143218508183,1058547589,0.41382864370163663
2024-08-27 10:00:00,Tuesday,link_7,320.28466155183014,161779702,0.06405693231036602
2024-08-27 10:00:00,Tuesday,link_8,214.02830623588943,107076243,0.042805661247177884
2024-08-27 10:00:00,Tuesday,link_9,3088.3299683898804,1684309241,0.617665993677976
2024-08-27 10:00:00,Tuesday,link_10,2056.3655555271525,1105409747,0.4112731111054305
2024-08-27 10:00:00,Tuesday,link_11,316.92211866208504,171830288,0.06338442373241701
2024-08-27 10:00:00,Tuesday,link_12,209.99325476819536,125449655,0.04199865095363907
2024-08-27 10:00:00,Tuesday,link_13,3088.3299683898804,1591804065,0.617665993677976
2024-08-27 10:00:00,Tuesday,link_14,2063.4268955956168,1168127224,0.41268537911912334
2024-08-27 10:00:00,Tuesday,link_15,318.93964439593196,173740480,0.0637879288791864
2024-08-27 10:00:00,Tuesday,link_16,215.37332339178738,119081932,0.04307466467835747
2024-08-27 10:00:00,Tuesday,link_17,3085.6399340780845,1747884493,0.6171279868156169
2024-08-27 10:00:00,Tuesday,link_18,2051.9942497704837,1057978433,0.41039884995409676
2024-08-27 10:00:00,Tuesday,link_19,320.9571701297791,157833868,0.06419143402595583
2024-08-27 10:00:00,Tuesday,link_20,203.26816898870538,96184068,0.040653633797741076
2024-08-27 10:00:00,Tuesday,link_21,3096.400071325268,1372338989,0.6192800142650536
2024-08-27 10:00:00,Tuesday,link_22,2058.3830812609995,1149749437,0.41167661625219987
2024-08-27 10:00:00,Tuesday,link_23,318.267135817983,156642041,0.0636534271635966
2024-08-27 10:00:00,Tuesday,link_24,203.26816898870538,117576598,0.040653633797741076
2024-08-27 10:00:00,Tuesday,link_25,2978.711070184195,1484596275,0.29787110701841946
2024-08-27 10:00:00,Tuesday,link_26,2432.6341048896134,1410964022,0.24326341048896133
2024-08-27 10:00:00,Tuesday,link_27,2836.1392516590086,1518817050,0.28361392516590084
2024-08-27 10:00:00,Tuesday,link_28,2308.22001796905,1300067854,0.23082200179690499
2024-08-27 10:00:00,Tuesday,link_29,3164.9959462760653,1821423838,0.3164995946276065
2024-08-27 10:00:00,Tuesday,link_30,2592.6911464414734,1202752430,0.2592691146441473
2024-08-27 10:00:00,Tuesday,link_31,3237.6268726945564,1943250676,0.3237626872694556
2024-08-27 10:00:00,Tuesday,link_32,2653.2169184568825,1542165007,0.26532169184568827
2024-08-27 10:00:00,Tuesday,link_33,2869.0921719785088,1468138416,0.2869092171978509
2024-08-27 10:00:00,Tuesday,link_34,2341.1729382885505,1219793152,0.23411729382885504
2024-08-27 10:00:00,Tuesday,link_35,3131.3705173786157,1934099846,0.31313705173786155
2024-08-27 10:00:00,Tuesday,link_36,2569.8258547912073,1336364365,0.25698258547912073
2024-08-27 10:00:00,Tuesday,link_37,4372.8213522724545,2295581787,0.08745642704544909
2024-08-27 10:00:00,Tuesday,link_38,5861.755343851522,3005181861,0.11723510687703045
2024-08-27 10:00:00,Tuesday,link_39,4388.96155814323,2487203405,0.0877792311628646
2024-08-27 11:00:00,Tuesday,link_1,3089.6749855457783,1951893806,0.6179349971091557
2024-08-27 11:00:00,Tuesday,link_2,2062.754387017668,1228423251,0.4125508774035336
2024-08-27 11:00:00,Tuesday,link_3,341.1324274682488,189521228,0.06822648549364976
2024-08-27 11:00:00,Tuesday,link_4,223.4434263271753,119487703,0.04468868526543506
2024-08-27 11:00:00,Tuesday,link_5,3088.3299683898804,2016814882,0.617665993677976
2024-08-27 11:00:00,Tuesday,link_6,2067.798201352285,1322994428,0.413559640270457
2024-08-27 11:00:00,Tuesday,link_7,340.45991889029983,229318788,0.06809198377805997
2024-08-27 11:00:00,Tuesday,link_8,226.1334606389712,138199011,0.04522669212779424
2024-08-27 11:00:00,Tuesday,link_9,3085.6399340780845,1784838205,0.6171279868156169
2024-08-27 11:00:00,Tuesday,link_10,2054.0117755043307,1238496847,0.41080235510086616
2024-08-27 11:00:00,Tuesday,link_11,337.76988457850393,168155178,0.06755397691570078
2024-08-27 11:00:00,Tuesday,link_12,224.78844348307325,122762331,0.04495768869661465
2024-08-27 11:00:00,Tuesday,link_13,3084.2949169221865,1700750878,0.6168589833844373
2024-08-27 11:00:00,Tuesday,link_14,2062.4181327286933,1303086212,0.41248362654573867
2024-08-27 11:00:00,Tuesday,link_15,339.1149017344019,171527771,0.06782298034688038
2024-08-27 11:00:00,Tuesday,link_16,228.8234949507671,132021992,0.04576469899015342
2024-08-27 11:00:00,Tuesday,link_17,3082.9498997662886,1924419205,0.6165899799532577
2024-08-27 11:00:00,Tuesday,link_18,2050.649232614586,1202784754,0.4101298465229172
2024-08-27 11:00:00,Tuesday,link_19,341.8049360461978,201763767,0.06836098720923955
2024-08-27 11:00:00,Tuesday,link_20,218.06335770358328,128169654,0.04361267154071666
2024-08-27 11:00:00,Tuesday,link_21,3092.365019857574,1331177737,0.6184730039715148
2024-08-27 11:00:00,Tuesday,link_22,2057.0380641051015,1131163081,0.4114076128210203
2024-08-27 11:00:00,Tuesday,link_23,338.4423931564529,186277921,0.06768847863129059
2024-08-27 11:00:00,Tuesday,link_24,216.71834054768533,124636130,0.04334366810953707
2024-08-27 11:00:00,Tuesday,link_25,3019.061584861134,1580623335,0.3019061584861134
2024-08-27 11:00:00,Tuesday,link_26,2466.9320423650115,1534981956,0.24669320423650115
2024-08-27 11:00:00,Tuesday,link_27,2875.14474918005,1921131444,0.287514474918005
2024-08-27 11:00:00,Tuesday,link_28,2341.1729382885505,1373118382,0.23411729382885504
2024-08-27 11:00:00,Tuesday,link_29,3208.0364952648006,1710731006,0.32080364952648005
2024-08-27 11:00:00,Tuesday,link_30,2630.351626806617,1525861016,0.2630351626806617
2024-08-27 11:00:00,Tuesday,link_31,3284.7024731509855,1815880710,0.32847024731509855
2024-08-27 11:00:00,Tuesday,link_32,2690.204890244077,1524341351,0.26902048902440767
2024-08-27 11:00:00,Tuesday,link_33,2908.0976694995506,1716899307,0.2908097669499551
2024-08-27 11:00:00,Tuesday,link_34,2372.780841452153,1236390683,0.23727808414521528
2024-08-27 11:00:00,Tuesday,link_35,3174.411066367351,1743203409,0.3174411066367351
2024-08-27 11:00:00,Tuesday,link_36,2607.486335156351,1684746166,0.2607486335156351
2024-08-27 11:00:00,Tuesday,link_37,4487.147810523783,2744013920,0.08974295621047566
2024-08-27 11:00:00,Tuesday,link_38,6012.397265312096,3264792439,0.12024794530624193
2024-08-27 11:00:00,Tuesday,link_39,4500.597982082763,3183881628,0.09001195964165527
2024-08-27 12:00:00,Tuesday,link_1,3065.4646767396143,1949256513,0.6130929353479229
2024-08-27 12:00:00,Tuesday,link_2,2048.631706880739,1330344105,0.4097263413761478
2024-08-27 12:00:00,Tuesday,link_3,375.4303649436474,189689209,0.07508607298872948
2024-08-27 12:00:00,Tuesday,link_4,247.65373513333884,110441748,0.049530747026667765
2024-08-27 12:00:00,Tuesday,link_5,3068.1547110514102,1600881873,0.613630942210282
2024-08-27 12:00:00,Tuesday,link_6,2053.675521215356,1010006762,0.41073510424307125
2024-08-27 12:00:00,Tuesday,link_7,375.4303649436474,196683831,0.07508607298872948
2024-08-27 12:00:00,Tuesday,link_8,248.99875228923702,129113718,0.0497997504578474
2024-08-27 12:00:00,Tuesday,link_9,3064.1196595837164,1520984456,0.6128239319167432
2024-08-27 12:00:00,Tuesday,link_10,2039.889095367402,1114885083,0.4079778190734804
2024-08-27 12:00:00,Tuesday,link_11,374.08534778774947,203741866,0.0748170695575499
2024-08-27 12:00:00,Tuesday,link_12,250.34376944513497,134554167,0.05006875388902699
2024-08-27 12:00:00,Tuesday,link_13,3064.1196595837164,2148325802,0.6128239319167432
2024-08-27 12:00:00,Tuesday,link_14,2049.304215458688,1148226708,0.4098608430917376
2024-08-27 12:00:00,Tuesday,link_15,374.08534778774947,225264281,0.0748170695575499
2024-08-27 12:00:00,Tuesday,link_16,253.03380375693087,159858173,0.050606760751386176
2024-08-27 12:00:00,Tuesday,link_17,3062.7746424278184,1871826647,0.6125549284855637
2024-08-27 12:00:00,Tuesday,link_18,2037.871569633555,1137711660,0.407574313926711
2024-08-27 12:00:00,Tuesday,link_19,377.44789067749434,209425357,0.07548957813549886
2024-08-27 12:00:00,Tuesday,link_20,243.618683665645,133480972,0.048723736733129
2024-08-27 12:00:00,Tuesday,link_21,3070.844745363206,1792241834,0.6141689490726412
2024-08-27 12:00:00,Tuesday,link_22,2043.5878925461216,1146158061,0.4087175785092243
2024-08-27 12:00:00,Tuesday,link_23,374.08534778774947,233249597,0.0748170695575499
2024-08-27 12:00:00,Tuesday,link_24,240.9286493538491,126343491,0.04818572987076982
2024-08-27 12:00:00,Tuesday,link_25,3052.014505180635,1634184992,0.30520145051806347
2024-08-27 12:00:00,Tuesday,link_26,2495.1774026388694,1174411056,0.24951774026388693
2024-08-27 12:00:00,Tuesday,link_27,2906.7526523436527,1785021494,0.29067526523436527
2024-08-27 12:00:00,Tuesday,link_28,2369.418298562408,1126566552,0.2369418298562408
2024-08-27 12:00:00,Tuesday,link_29,3244.351958474046,1869714026,0.3244351958474046
2024-08-27 12:00:00,Tuesday,link_30,2660.6145128143216,1404861805,0.26606145128143216
2024-08-27 12:00:00,Tuesday,link_31,3323.7079706720274,1892753642,0.33237079706720274
2024-08-27 12:00:00,Tuesday,link_32,2720.4677762517817,1253713314,0.27204677762517815
2024-08-27 12:00:00,Tuesday,link_33,2940.378081241102,1594938885,0.2940378081241102
2024-08-27 12:00:00,Tuesday,link_34,2398.3361674142147,1359932509,0.23983361674142148
2024-08-27 12:00:00,Tuesday,link_35,3210.7265295765965,1638786589,0.32107265295765963
2024-08-27 12:00:00,Tuesday,link_36,2637.7492211640556,1536009387,0.2637749221164056
2024-08-27 12:00:00,Tuesday,link_37,4610.889388866398,2428537407,0.09221778777732796
2024-08-27 12:00:00,Tuesday,link_38,6173.799324019855,3277257108,0.12347598648039709
2024-08-27 12:00:00,Tuesday,link_39,4621.6495261135815,2113852329,0.09243299052227164
2024-08-27 13:00:00,Tuesday,link_1,3027.804196374471,1895121550,0.6055608392748941
2024-08-27 13:00:00,Tuesday,link_2,2024.0851437856008,1299167917,0.40481702875712017
2024-08-27 13:00:00,Tuesday,link_3,425.8685082898219,245024494,0.08517370165796438
2024-08-27 13:00:00,Tuesday,link_4,282.6241811866864,151055951,0.056524836237337284
2024-08-27 13:00:00,Tuesday,link_5,3031.1667392642157,1468700093,0.6062333478528431
2024-08-27 13:00:00,Tuesday,link_6,2028.7927038312437,1180503714,0.40575854076624873
2024-08-27 13:00:00,Tuesday,link_7,426.54101686777085,234249685,0.08530820337355417
2024-08-27 13:00:00,Tuesday,link_8,282.6241811866864,176874131,0.056524836237337284
2024-08-27 13:00:00,Tuesday,link_9,3027.804196374471,1950102097,0.6055608392748941
2024-08-27 13:00:00,Tuesday,link_10,2016.0150408502127,1270710210,0.40320300817004256
2024-08-27 13:00:00,Tuesday,link_11,426.54101686777085,212112085,0.08530820337355417
2024-08-27 13:00:00,Tuesday,link_12,285.31421549848255,160920800,0.05706284309969651
2024-08-27 13:00:00,Tuesday,link_13,3029.8217221083178,1924769305,0.6059643444216636
2024-08-27 13:00:00,Tuesday,link_14,2025.4301609414988,1060561700,0.40508603218829975
2024-08-27 13:00:00,Tuesday,link_15,426.54101686777085,223758651,0.08530820337355417
2024-08-27 13:00:00,Tuesday,link_16,286.6592326543805,169739899,0.0573318465308761
2024-08-27 13:00:00,Tuesday,link_17,3026.459179218573,1564105343,0.6052918358437146
2024-08-27 13:00:00,Tuesday,link_18,2015.0062779832892,1168963340,0.40300125559665784
2024-08-27 13:00:00,Tuesday,link_19,429.23105117956675,235722624,0.08584621023591335
2024-08-27 13:00:00,Tuesday,link_20,281.2791640307885,158613287,0.056255832806157695
2024-08-27 13:00:00,Tuesday,link_21,3032.5117564201137,1837685514,0.6065023512840227
2024-08-27 13:00:00,Tuesday,link_22,2019.7138380289323,1303162534,0.40394276760578646
2024-08-27 13:00:00,Tuesday,link_23,425.8685082898219,250952460,0.08517370165796438
2024-08-27 13:00:00,Tuesday,link_24,277.24411256309463,166117148,0.05544882251261893
2024-08-27 13:00:00,Tuesday,link_25,3078.9148482985943,1755292040,0.30789148482985945
2024-08-27 13:00:00,Tuesday,link_26,2519.3877114450333,1552889736,0.25193877114450336
2024-08-27 13:00:00,Tuesday,link_27,2932.980486883663,1797932955,0.29329804868836634
2024-08-27 13:00:00,Tuesday,link_28,2392.9560987906225,1305451459,0.23929560987906226
2024-08-27 13:00:00,Tuesday,link_29,3275.2873530597,1742589536,0.32752873530597
2024-08-27 13:00:00,Tuesday,link_30,2684.824821620485,1735959670,0.2684824821620485
2024-08-27 13:00:00,Tuesday,link_31,3357.3333995694766,2137155984,0.33573333995694765
2024-08-27 13:00:00,Tuesday,link_32,2745.3505936358943,1646411099,0.2745350593635894
2024-08-27 13:00:00,Tuesday,link_33,2966.6059157811123,1510080551,0.29666059157811125
2024-08-27 13:00:00,Tuesday,link_34,2419.8564419085824,1210031486,0.24198564419085825
2024-08-27 13:00:00,Tuesday,link_35,3240.3169070063523,1781998389,0.3240316907006352
2024-08-27 13:00:00,Tuesday,link_36,2661.2870213922706,1384371027,0.26612870213922707
2024-08-27 13:00:00,Tuesday,link_37,4742.7010701444,3018287170,0.094854021402888
2024-08-27 13:00:00,Tuesday,link_38,6340.581451351205,3563387640,0.12681162902702411
2024-08-27 13:00:00,Tuesday,link_39,4750.771173079788,2701637603,0.09501542346159576
2024-08-27 14:00:00,Tuesday,link_1,2978.038561606246,1809087772,0.5956077123212492
2024-08-27 14:00:00,Tuesday,link_2,1991.636604899562,1281491763,0.39832732097991236
2024-08-27 14:00:00,Tuesday,link_3,491.101840350874,314404807,0.0982203680701748
2024-08-27 14:00:00,Tuesday,link_4,328.35476448721806,178820830,0.06567095289744361
2024-08-27 14:00:00,Tuesday,link_5,2983.4186302298376,1555766638,0.5966837260459675
2024-08-27 14:00:00,Tuesday,link_6,1995.6716563672558,1143480338,0.39913433127345116
2024-08-27 14:00:00,Tuesday,link_7,491.774348928823,301976219,0.09835486978576459
2024-08-27 14:00:00,Tuesday,link_8,326.3372387533709,190416879,0.06526744775067418
2024-08-27 14:00:00,Tuesday,link_9,2980.7285959180417,1544127953,0.5961457191836084
2024-08-27 14:00:00,Tuesday,link_10,1984.5752648310975,986301165,0.3969150529662195
2024-08-27 14:00:00,Tuesday,link_11,493.1193660847209,288695806,0.09862387321694419
2024-08-27 14:00:00,Tuesday,link_12,329.02727306516704,173305980,0.0658054546130334
2024-08-27 14:00:00,Tuesday,link_13,2983.4186302298376,2048317992,0.5966837260459675
2024-08-27 14:00:00,Tuesday,link_14,1993.822257777896,1291573491,0.3987644515555792
2024-08-27 14:00:00,Tuesday,link_15,493.1193660847209,251787105,0.09862387321694419
2024-08-27 14:00:00,Tuesday,link_16,329.02727306516704,179179394,0.0658054546130334
2024-08-27 14:00:00,Tuesday,link_17,2980.0560873400927,1570693998,0.5960112174680186
2024-08-27 14:00:00,Tuesday,link_18,1984.911519120072,1311830373,0.3969823038240144
2024-08-27 14:00:00,Tuesday,link_19,495.8094003965168,297687463,0.09916188007930336
2024-08-27 14:00:00,Tuesday,link_20,328.35476448721806,194627300,0.06567095289744361
2024-08-27 14:00:00,Tuesday,link_21,2982.7461216518886,1543596288,0.5965492243303777
2024-08-27 14:00:00,Tuesday,link_22,1988.2740620098168,1212628937,0.3976548124019634
2024-08-27 14:00:00,Tuesday,link_23,493.1193660847209,267481917,0.09862387321694419
2024-08-27 14:00:00,Tuesday,link_24,323.647204441575,188227516,0.064729440888315
2024-08-27 14:00:00,Tuesday,link_25,3103.125157104758,1750700711,0.3103125157104758
2024-08-27 14:00:00,Tuesday,link_26,2540.235477361452,1361912825,0.2540235477361452
2024-08-27 14:00:00,Tuesday,link_27,2955.17326995598,1614221841,0.29551732699559796
2024-08-27 14:00:00,Tuesday,link_28,2415.1488818629396,1262204928,0.24151488818629396
2024-08-27 14:00:00,Tuesday,link_29,3302.1876961776597,1883972480,0.330218769617766
2024-08-27 14:00:00,Tuesday,link_30,2705.672587536904,1605708838,0.27056725875369037
2024-08-27 14:00:00,Tuesday,link_31,3385.5787598433344,1621386979,0.33855787598433346
2024-08-27 14:00:00,Tuesday,link_32,2767.5433767082113,1412345774,0.27675433767082114
2024-08-27 14:00:00,Tuesday,link_33,2990.1437160093274,1534725739,0.29901437160093275
2024-08-27 14:00:00,Tuesday,link_34,2439.359190669103,1365190957,0.2439359190669103
2024-08-27 14:00:00,Tuesday,link_35,3265.872232968414,1968217391,0.3265872232968414
2024-08-27 14:00:00,Tuesday,link_36,2680.7897701527913,1366700269,0.2680789770152791
2024-08-27 14:00:00,Tuesday,link_37,4877.202785734198,3011303004,0.09754405571468397
2024-08-27 14:00:00,Tuesday,link_38,6512.743647306146,2801258525,0.13025487294612292
2024-08-27 14:00:00,Tuesday,link_39,4882.58285435779,2689455520,0.0976516570871558
2024-08-27 15:00:00,Tuesday,link_1,2920.875332480581,1425280093,0.5841750664961163
2024-08-27 15:00:00,Tuesday,link_2,1953.639870245444,1033308236,0.39072797404908877
2024-08-27 15:00:00,Tuesday,link_3,565.077783925263,330449438,0.11301555678505261
2024-08-27 15:00:00,Tuesday,link_4,379.46541641134127,261331424,0.07589308328226825
2024-08-27 15:00:00,Tuesday,link_5,2926.927909682122,1542918898,0.5853855819364244
2024-08-27 15:00:00,Tuesday,link_6,1957.170540279676,1024557811,0.3914341080559352
2024-08-27 15:00:00,Tuesday,link_7,565.077783925263,351622726,0.11301555678505261
2024-08-27 15:00:00,Tuesday,link_8,375.4303649436474,203535426,0.07508607298872948
2024-08-27 15:00:00,Tuesday,link_9,2925.582892526224,1680868674,0.5851165785052448
2024-08-27 15:00:00,Tuesday,link_10,1948.0916744773647,1240338926,0.38961833489547293
2024-08-27 15:00:00,Tuesday,link_11,567.7678182370589,298344606,0.11355356364741179
2024-08-27 15:00:00,Tuesday,link_12,378.7929078333923,226217707,0.07575858156667846
2024-08-27 15:00:00,Tuesday,link_13,2928.945435415969,1656505906,0.5857890870831938
2024-08-27 15:00:00,Tuesday,link_14,1956.8342859907016,1229221465,0.3913668571981403
2024-08-27 15:00:00,Tuesday,link_15,567.7678182370589,339080059,0.11355356364741179
2024-08-27 15:00:00,Tuesday,link_16,378.1203992554433,186743594,0.07562407985108867
2024-08-27 15:00:00,Tuesday,link_17,2924.237875370326,1600860311,0.5848475750740653
2024-08-27 15:00:00,Tuesday,link_18,1949.2685644887754,1355932547,0.38985371289775506
2024-08-27 15:00:00,Tuesday,link_19,570.457852548855,337631035,0.114091570509771
2024-08-27 15:00:00,Tuesday,link_20,380.13792498929024,226139604,0.07602758499785804
2024-08-27 15:00:00,Tuesday,link_21,2924.237875370326,1716253577,0.5848475750740653
2024-08-27 15:00:00,Tuesday,link_22,1951.6223445115968,932690911,0.39032446890231937
2024-08-27 15:00:00,Tuesday,link_23,567.7678182370589,336770259,0.11355356364741179
2024-08-27 15:00:00,Tuesday,link_24,375.4303649436474,175577615,0.07508607298872948
2024-08-27 15:00:00,Tuesday,link_25,3123.300414443228,1875963683,0.3123300414443228
2024-08-27 15:00:00,Tuesday,link_26,2557.048191810177,1458304743,0.2557048191810177
2024-08-27 15:00:00,Tuesday,link_27,2972.6584929826536,1496350665,0.2972658492982654
2024-08-27 15:00:00,Tuesday,link_28,2433.3066134675623,1427682367,0.24333066134675624
2024-08-27 15:00:00,Tuesday,link_29,3325.0529878279253,2053041820,0.33250529878279256
2024-08-27 15:00:00,Tuesday,link_30,2722.4853019856287,1421812662,0.2722485301985629
2024-08-27 15:00:00,Tuesday,link_31,3408.4440514936005,2017326520,0.34084440514936004
2024-08-27 15:00:00,Tuesday,link_32,2785.7011083128336,1448478821,0.27857011083128336
2024-08-27 15:00:00,Tuesday,link_33,3008.973956191899,1632864841,0.30089739561918993
2024-08-27 15:00:00,Tuesday,link_34,2456.171905117828,1386512144,0.2456171905117828
2024-08-27 15:00:00,Tuesday,link_35,3287.392507462782,1997255430,0.3287392507462782
2024-08-27 15:00:00,Tuesday,link_36,2696.257467445618,1398780514,0.2696257467445618
2024-08-27 15:00:00,Tuesday,link_37,5003.634398388609,2896478450,0.10007268796777218
2024-08-27 15:00:00,Tuesday,link_38,6679.525774637496,3735492475,0.13359051549274992
2024-08-27 15:00:00,Tuesday,link_39,5009.014467012201,3207980201,0.10018028934024402
2024-08-27 16:00:00,Tuesday,link_1,2860.3495604651716,1983904827,0.5720699120930344
2024-08-27 16:00:00,Tuesday,link_2,1913.793737001966,1072306031,0.38275874740039323
2024-08-27 16:00:00,Tuesday,link_3,639.0537274996523,430092761,0.12781074549993046
2024-08-27 16:00:00,Tuesday,link_4,429.9035597575157,234977542,0.08598071195150314
2024-08-27 16:00:00,Tuesday,link_5,2867.747154822611,1810193668,0.5735494309645222
2024-08-27 16:00:00,Tuesday,link_6,1917.3244070361982,1004248572,0.3834648814072396
2024-08-27 16:00:00,Tuesday,link_7,639.0537274996523,391174416,0.12781074549993046
2024-08-27 16:00:00,Tuesday,link_8,425.8685082898219,251644751,0.08517370165796438
2024-08-27 16:00:00,Tuesday,link_9,2867.074646244662,1493003502,0.5734149292489323
2024-08-27 16:00:00,Tuesday,link_10,1909.758685534272,1088603685,0.38195173710685437
2024-08-27 16:00:00,Tuesday,link_11,641.7437618114482,408858860,0.12834875236228963
2024-08-27 16:00:00,Tuesday,link_12,429.23105117956675,241230953,0.08584621023591335
2024-08-27 16:00:00,Tuesday,link_13,2870.437189134407,1275953489,0.5740874378268814
2024-08-27 16:00:00,Tuesday,link_14,1917.82878846966,949317576,0.383565757693932
2024-08-27 16:00:00,Tuesday,link_15,641.7437618114482,325583862,0.12834875236228963
2024-08-27 16:00:00,Tuesday,link_16,427.8860340236688,246331914,0.08557720680473375
2024-08-27 16:00:00,Tuesday,link_17,2865.057120510815,1655241045,0.573011424102163
2024-08-27 16:00:00,Tuesday,link_18,1911.4399569791447,1238816150,0.3822879913958289
2024-08-27 16:00:00,Tuesday,link_19,644.4337961232441,371628438,0.12888675922464882
2024-08-27 16:00:00,Tuesday,link_20,431.2485769134137,229019843,0.08624971538268274
2024-08-27 16:00:00,Tuesday,link_21,2863.039594776968,1709459893,0.5726079189553936
2024-08-27 16:00:00,Tuesday,link_22,1912.9531012795298,1055566627,0.38259062025590596
2024-08-27 16:00:00,Tuesday,link_23,642.4162703893971,310751988,0.12848325407787942
2024-08-27 16:00:00,Tuesday,link_24,427.2135254457198,258190412,0.08544270508914396
2024-08-27 16:00:00,Tuesday,link_25,3139.4406203140034,1740519085,0.31394406203140035
2024-08-27 16:00:00,Tuesday,link_26,2570.4983633691563,1527457210,0.25704983633691564
2024-08-27 16:00:00,Tuesday,link_27,2988.1261902754804,1919774042,0.298812619027548
2024-08-27 16:00:00,Tuesday,link_28,2448.774310760389,1260868104,0.24487743107603893
2024-08-27 16:00:00,Tuesday,link_29,3343.883228010497,1881892038,0.3343883228010497
2024-08-27 16:00:00,Tuesday,link_30,2735.9354735446086,1471493976,0.27359354735446084
2024-08-27 16:00:00,Tuesday,link_31,3427.2742916761717,2112536404,0.34272742916761717
2024-08-27 16:00:00,Tuesday,link_32,2800.496297027712,1888564465,0.2800496297027712
2024-08-27 16:00:00,Tuesday,link_33,3024.441653484726,1752131829,0.30244416534847257
2024-08-27 16:00:00,Tuesday,link_34,2470.294585254757,1166683118,0.24702945852547567
2024-08-27 16:00:00,Tuesday,link_35,3303.5327133335577,2017978299,0.3303532713333558
2024-08-27 16:00:00,Tuesday,link_36,2707.6901132707508,1393394924,0.2707690113270751
2024-08-27 16:00:00,Tuesday,link_37,5116.6158394840395,3347208027,0.10233231678968079
2024-08-27 16:00:00,Tuesday,link_38,6827.477661786274,3462965479,0.13654955323572548
2024-08-27 16:00:00,Tuesday,link_39,5119.305873795835,2663819858,0.10238611747591671
2024-08-27 17:00:00,Tuesday,link_1,2800.496297027712,1809607166,0.5600992594055424
2024-08-27 17:00:00,Tuesday,link_2,1874.45198519195,1013308203,0.37489039703839
2024-08-27 17:00:00,Tuesday,link_3,708.3221110283984,394589282,0.14166442220567968
2024-08-27 17:00:00,Tuesday,link_4,476.3066516359961,239853234,0.09526133032719922
2024-08-27 17:00:00,Tuesday,link_5,2809.2389085410487,1300081374,0.5618477817082097
2024-08-27 17:00:00,Tuesday,link_6,1878.1507823706695,1161546250,0.3756301564741339
2024-08-27 17:00:00,Tuesday,link_7,706.3045852945513,424026347,0.14126091705891025
2024-08-27 17:00:00,Tuesday,link_8,471.5990915903533,283350289,0.09431981831807065
2024-08-27 17:00:00,Tuesday,link_9,2808.5663999630997,1690711309,0.5617132799926199
2024-08-27 17:00:00,Tuesday,link_10,1871.089442302205,983818415,0.374217888460441
2024-08-27 17:00:00,Tuesday,link_11,708.9946196063473,473668032,0.14179892392126947
2024-08-27 17:00:00,Tuesday,link_12,474.96163448009816,277665665,0.09499232689601964
2024-08-27 17:00:00,Tuesday,link_13,2811.9289428528446,1515929402,0.5623857885705689
2024-08-27 17:00:00,Tuesday,link_14,1879.3276723820802,1165634452,0.375865534476416
2024-08-27 17:00:00,Tuesday,link_15,708.9946196063473,385749987,0.14179892392126947
2024-08-27 17:00:00,Tuesday,link_16,474.2891259021492,226418420,0.09485782518042983
2024-08-27 17:00:00,Tuesday,link_17,2805.876365651304,1528327547,0.5611752731302607
2024-08-27 17:00:00,Tuesday,link_18,1873.6113494695137,929996180,0.3747222698939027
2024-08-27 17:00:00,Tuesday,link_19,711.0121453401943,348808046,0.14220242906803884
2024-08-27 17:00:00,Tuesday,link_20,476.3066516359961,298784975,0.09526133032719922
2024-08-27 17:00:00,Tuesday,link_21,2803.858839917457,1686841775,0.5607717679834914
2024-08-27 17:00:00,Tuesday,link_22,1874.6201123364372,964751919,0.37492402246728745
2024-08-27 17:00:00,Tuesday,link_23,710.3396367622453,432060636,0.14206792735244905
2024-08-27 17:00:00,Tuesday,link_24,474.96163448009816,313478812,0.09499232689601964
2024-08-27 17:00:00,Tuesday,link_25,3151.5457747170854,1566934401,0.31515457747170855
2024-08-27 17:00:00,Tuesday,link_26,2579.9134834604424,1360373104,0.25799134834604426
2024-08-27 17:00:00,Tuesday,link_27,2998.886327522664,1496584357,0.2998886327522664
2024-08-27 17:00:00,Tuesday,link_28,2460.2069565855218,1201499945,0.24602069565855217
2024-08-27 17:00:00,Tuesday,link_29,3357.3333995694766,1902585464,0.33573333995694765
2024-08-27 17:00:00,Tuesday,link_30,2746.695610791792,1523969222,0.2746695610791792
2024-08-27 17:00:00,Tuesday,link_31,3440.724463235152,2015009178,0.3440724463235152
2024-08-27 17:00:00,Tuesday,link_32,2811.9289428528446,1445584783,0.28119289428528443
2024-08-27 17:00:00,Tuesday,link_33,3036.5468078878075,1697860128,0.3036546807887808
2024-08-27 17:00:00,Tuesday,link_34,2480.3822139239915,1385142691,0.24803822139239914
2024-08-27 17:00:00,Tuesday,link_35,3315.6378677366392,2107078693,0.33156378677366394
2024-08-27 17:00:00,Tuesday,link_36,2716.4327247840874,1327636682,0.27164327247840875
2024-08-27 17:00:00,Tuesday,link_37,5205.386971773306,3277720992,0.10410773943546611
2024-08-27 17:00:00,Tuesday,link_38,6948.5292058170935,4187374240,0.13897058411634186
2024-08-27 17:00:00,Tuesday,link_39,5208.077006085102,3032620943,0.10416154012170203
2024-08-27 18:00:00,Tuesday,link_1,2745.3505936358943,1628489241,0.5490701187271788
2024-08-27 18:00:00,Tuesday,link_2,1837.9683948382171,1078343630,0.36759367896764344
2024-08-27 18:00:00,Tuesday,link_3,766.8303573099606,448414459,0.15336607146199213
2024-08-27 18:00:00,Tuesday,link_4,515.3121491570378,286061653,0.10306242983140755
2024-08-27 18:00:00,Tuesday,link_5,2755.4382223051293,1541598737,0.5510876444610259
2024-08-27 18:00:00,Tuesday,link_6,1842.0034463059112,966341543,0.36840068926118225
2024-08-27 18:00:00,Tuesday,link_7,763.4678144202156,389965060,0.15269356288404312
2024-08-27 18:00:00,Tuesday,link_8,510.6045891113947,283315142,0.10212091782227894
2024-08-27 18:00:00,Tuesday,link_9,2754.7657137271804,1619172511,0.550953142745436
2024-08-27 18:00:00,Tuesday,link_10,1834.5217883762286,1098329109,0.3669043576752457
2024-08-27 18:00:00,Tuesday,link_11,765.4853401540626,454977033,0.15309706803081252
2024-08-27 18:00:00,Tuesday,link_12,513.2946234231906,282050275,0.10265892468463812
2024-08-27 18:00:00,Tuesday,link_13,2756.7832394610273,1773087898,0.5513566478922055
2024-08-27 18:00:00,Tuesday,link_14,1843.3484634618092,1238348851,0.36866969269236183
2024-08-27 18:00:00,Tuesday,link_15,764.8128315761136,469295177,0.1529625663152227
2024-08-27 18:00:00,Tuesday,link_16,513.2946234231906,267978216,0.10265892468463812
2024-08-27 18:00:00,Tuesday,link_17,2751.403170837435,1507620345,0.550280634167487
2024-08-27 18:00:00,Tuesday,link_18,1837.9683948382171,1144059886,0.36759367896764344
2024-08-27 18:00:00,Tuesday,link_19,767.5028658879096,449592966,0.15350057317758192
2024-08-27 18:00:00,Tuesday,link_20,513.9671320011396,305251482,0.10279342640022791
2024-08-27 18:00:00,Tuesday,link_21,2748.713136525639,1736950650,0.5497426273051278
2024-08-27 18:00:00,Tuesday,link_22,1838.9771577051406,774115799,0.3677954315410281
2024-08-27 18:00:00,Tuesday,link_23,767.5028658879096,443930711,0.15350057317758192
2024-08-27 18:00:00,Tuesday,link_24,514.6396405790888,325344066,0.10292792811581776
2024-08-27 18:00:00,Tuesday,link_25,3160.9608948083714,1509241888,0.3160960894808372
2024-08-27 18:00:00,Tuesday,link_26,2586.638569239932,1630390061,0.25866385692399324
2024-08-27 18:00:00,Tuesday,link_27,3006.956430458052,1468108857,0.3006956430458052
2024-08-27 18:00:00,Tuesday,link_28,2467.604550942961,1370734976,0.2467604550942961
2024-08-27 18:00:00,Tuesday,link_29,3366.7485196607627,1906275110,0.33667485196607627
2024-08-27 18:00:00,Tuesday,link_30,2754.7657137271804,1588257664,0.275476571372718
2024-08-27 18:00:00,Tuesday,link_31,3450.139583326438,2148200527,0.34501395833264376
2024-08-27 18:00:00,Tuesday,link_32,2819.9990457882323,1619690429,0.28199990457882324
2024-08-27 18:00:00,Tuesday,link_33,3045.2894194011446,1506510316,0.3045289419401145
2024-08-27 18:00:00,Tuesday,link_34,2487.7798082814306,1486220987,0.24877798082814306
2024-08-27 18:00:00,Tuesday,link_35,3325.0529878279253,1968424092,0.33250529878279256
2024-08-27 18:00:00,Tuesday,link_36,2723.8303191415266,1719622912,0.27238303191415264
2024-08-27 18:00:00,Tuesday,link_37,5267.257760944613,2597742661,0.10534515521889228
2024-08-27 18:00:00,Tuesday,link_38,7037.30033810636,4074389369,0.1407460067621272
2024-08-27 18:00:00,Tuesday,link_39,5267.257760944613,2563362666,0.10534515521889228
2024-08-27 19:00:00,Tuesday,link_1,2699.620010335363,1524770757,0.5399240020670726
2024-08-27 19:00:00,Tuesday,link_2,1807.7895724027562,884999377,0.36155791448055125
2024-08-27 19:00:00,Tuesday,link_3,811.888432032543,397971581,0.1623776864065086
2024-08-27 19:00:00,Tuesday,link_4,545.5750351647423,290382146,0.10911500703294846
2024-08-27 19:00:00,Tuesday,link_5,2710.3801475825467,1716095913,0.5420760295165094
2024-08-27 19:00:00,Tuesday,link_6,1811.5724331537194,1066643798,0.3623144866307439
2024-08-27 19:00:00,Tuesday,link_7,807.8533805648491,494743158,0.16157067611296982
2024-08-27 19:00:00,Tuesday,link_8,540.1949665411503,340250091,0.10803899330823005
2024-08-27 19:00:00,Tuesday,link_9,2708.3626218486997,1570552204,0.5416725243697399
2024-08-27 19:00:00,Tuesday,link_10,1803.7545209350624,1102334885,0.3607509041870125
2024-08-27 19:00:00,Tuesday,link_11,809.198397720747,463072926,0.1618396795441494
2024-08-27 19:00:00,Tuesday,link_12,543.5575094308954,299355269,0.10871150188617908
2024-08-27 19:00:00,Tuesday,link_13,2710.3801475825467,1452573580,0.5420760295165094
2024-08-27 19:00:00,Tuesday,link_14,1813.5058953153227,869688346,0.36270117906306454
2024-08-27 19:00:00,Tuesday,link_15,808.5258891427981,587692029,0.16170517782855962
2024-08-27 19:00:00,Tuesday,link_16,543.5575094308954,320567412,0.10871150188617908
2024-08-27 19:00:00,Tuesday,link_17,2705.000078958955,1563807153,0.541000015791791
2024-08-27 19:00:00,Tuesday,link_18,1808.1258266917307,1188385126,0.36162516533834616
2024-08-27 19:00:00,Tuesday,link_19,810.5434148766451,405996606,0.16210868297532902
2024-08-27 19:00:00,Tuesday,link_20,542.8850008529464,268237269,0.10857700017058929
2024-08-27 19:00:00,Tuesday,link_21,2703.655061803057,1836031287,0.5407310123606114
2024-08-27 19:00:00,Tuesday,link_22,1809.1345895586542,896784852,0.3618269179117308
2024-08-27 19:00:00,Tuesday,link_23,811.2159234545941,525027252,0.1622431846909188
2024-08-27 19:00:00,Tuesday,link_24,544.9025265867933,296350838,0.10898050531735867
2024-08-27 19:00:00,Tuesday,link_25,3167.685980587861,1675659909,0.3167685980587861
2024-08-27 19:00:00,Tuesday,link_26,2591.3461292855754,1605537617,0.25913461292855755
2024-08-27 19:00:00,Tuesday,link_27,3013.0090076595934,1796133018,0.30130090076595933
2024-08-27 19:00:00,Tuesday,link_28,2472.9846195665527,1336496561,0.24729846195665528
2024-08-27 19:00:00,Tuesday,link_29,3372.128588284355,1664897155,0.3372128588284355
2024-08-27 19:00:00,Tuesday,link_30,2760.818290928721,1602596755,0.2760818290928721
2024-08-27 19:00:00,Tuesday,link_31,3456.8646691059275,1831929012,0.34568646691059274
2024-08-27 19:00:00,Tuesday,link_32,2826.0516229897735,1579669028,0.28260516229897736
2024-08-27 19:00:00,Tuesday,link_33,3052.014505180635,1527056542,0.30520145051806347
2024-08-27 19:00:00,Tuesday,link_34,2493.1598769050224,1327617544,0.24931598769050226
2024-08-27 19:00:00,Tuesday,link_35,3330.433056451517,1873684884,0.3330433056451517
2024-08-27 19:00:00,Tuesday,link_36,2729.210387765119,1235887532,0.27292103877651186
2024-08-27 19:00:00,Tuesday,link_37,5307.608275621553,3453154739,0.10615216551243106
2024-08-27 19:00:00,Tuesday,link_38,7093.791058654076,3517138595,0.1418758211730815
2024-08-27 19:00:00,Tuesday,link_39,5304.918241309757,2687914964,0.10609836482619514
2024-08-27 20:00:00,Tuesday,link_1,2663.9770557040665,1258007215,0.5327954111408133
2024-08-27 20:00:00,Tuesday,link_2,1784.588026463516,957597205,0.35691760529270317
2024-08-27 20:00:00,Tuesday,link_3,842.8238266181967,487369369,0.16856476532363934
2024-08-27 20:00:00,Tuesday,link_4,565.077783925263,342996205,0.11301555678505261
2024-08-27 20:00:00,Tuesday,link_5,2674.73719295125,1453399477,0.5349474385902501
2024-08-27 20:00:00,Tuesday,link_6,1787.6983786365302,881883801,0.35753967572730605
2024-08-27 20:00:00,Tuesday,link_7,838.1162665725537,505297420,0.16762325331451075
2024-08-27 20:00:00,Tuesday,link_8,559.6977153016712,342333055,0.11193954306033424
2024-08-27 20:00:00,Tuesday,link_9,2672.719667217403,1520824520,0.5345439334434806
2024-08-27 20:00:00,Tuesday,link_10,1779.6282757011422,992648113,0.35592565514022845
2024-08-27 20:00:00,Tuesday,link_11,838.1162665725537,493102265,0.16762325331451075
2024-08-27 20:00:00,Tuesday,link_12,563.7327667693651,308621753,0.11274655335387301
2024-08-27 20:00:00,Tuesday,link_13,2674.064684373301,1695463103,0.5348129368746602
2024-08-27 20:00:00,Tuesday,link_14,1790.388412948326,1023008146,0.3580776825896652
2024-08-27 20:00:00,Tuesday,link_15,836.7712494166558,359749080,0.16735424988333117
2024-08-27 20:00:00,Tuesday,link_16,563.7327667693651,315487882,0.11274655335387301
2024-08-27 20:00:00,Tuesday,link_17,2670.0296329056073,1397278749,0.5340059265811214
2024-08-27 20:00:00,Tuesday,link_18,1785.1764714692213,1193562771,0.35703529429384423
2024-08-27 20:00:00,Tuesday,link_19,839.4612837284517,424919566,0.16789225674569033
2024-08-27 20:00:00,Tuesday,link_20,562.3877496134671,338950396,0.11247754992269342
2024-08-27 20:00:00,Tuesday,link_21,2668.6846157497093,1345042171,0.5337369231499419
2024-08-27 20:00:00,Tuesday,link_22,1785.5967893304396,1014086486,0.3571193578660879
2024-08-27 20:00:00,Tuesday,link_23,840.8063008843496,510757416,0.16816126017686991
2024-08-27 20:00:00,Tuesday,link_24,564.405275347314,297401998,0.1128810550694628
2024-08-27 20:00:00,Tuesday,link_25,3170.376014899657,1903385875,0.31703760148996574
2024-08-27 20:00:00,Tuesday,link_26,2593.3636550194224,1378924229,0.2593363655019422
2024-08-27 20:00:00,Tuesday,link_27,3015.6990419713893,1708311072,0.3015699041971389
2024-08-27 20:00:00,Tuesday,link_28,2475.0021453003997,1344074266,0.24750021453003995
2024-08-27 20:00:00,Tuesday,link_29,3374.818622596151,1568338850,0.3374818622596151
2024-08-27 20:00:00,Tuesday,link_30,2763.5083252405175,1408008353,0.27635083252405174
2024-08-27 20:00:00,Tuesday,link_31,3458.2096862618255,2057924408,0.34582096862618256
2024-08-27 20:00:00,Tuesday,link_32,2828.7416573015694,1493007758,0.28287416573015695
2024-08-27 20:00:00,Tuesday,link_33,3054.7045394924307,1710230888,0.30547045394924305
2024-08-27 20:00:00,Tuesday,link_34,2495.1774026388694,1479555944,0.24951774026388693
2024-08-27 20:00:00,Tuesday,link_35,3333.1230907633135,2038722491,0.33331230907633136
2024-08-27 20:00:00,Tuesday,link_36,2732.5729306548637,1592396353,0.27325729306548635
2024-08-27 20:00:00,Tuesday,link_37,5326.438515804125,3248941523,0.1065287703160825
2024-08-27 20:00:00,Tuesday,link_38,7118.001367460239,4345708181,0.14236002734920478
2024-08-27 20:00:00,Tuesday,link_39,5321.058447180533,2608751441,0.10642116894361066
2024-08-27 21:00:00,Tuesday,link_1,2644.4743069435453,1359632048,0.5288948613887091
2024-08-27 21:00:00,Tuesday,link_2,1771.642236337998,1028973028,0.3543284472675996
2024-08-27 21:00:00,Tuesday,link_3,857.6190153330745,468285864,0.17152380306661488
2024-08-27 21:00:00,Tuesday,link_4,575.1654125944979,328752443,0.11503308251889957
2024-08-27 21:00:00,Tuesday,link_5,2654.5619356127804,1357132084,0.5309123871225561
2024-08-27 21:00:00,Tuesday,link_6,1773.7438256440885,913404895,0.3547487651288177
2024-08-27 21:00:00,Tuesday,link_7,853.5839638653805,561459202,0.1707167927730761
2024-08-27 21:00:00,Tuesday,link_8,569.7853439709061,402559088,0.11395706879418122
2024-08-27 21:00:00,Tuesday,link_9,2651.8719013009845,1801117569,0.5303743802601969
2024-08-27 21:00:00,Tuesday,link_10,1766.009976997675,944098015,0.353201995399535
2024-08-27 21:00:00,Tuesday,link_11,853.5839638653805,464191788,0.1707167927730761
2024-08-27 21:00:00,Tuesday,link_12,573.8203954385999,290402076,0.11476407908771999
2024-08-27 21:00:00,Tuesday,link_13,2653.8894270348314,1662650036,0.5307778854069662
2024-08-27 21:00:00,Tuesday,link_14,1777.1904321060772,1297324455,0.35543808642121544
2024-08-27 21:00:00,Tuesday,link_15,851.5664381315336,418714178,0.1703132876263067
2024-08-27 21:00:00,Tuesday,link_16,573.8203954385999,315165406,0.11476407908771999
2024-08-27 21:00:00,Tuesday,link_17,2649.8543755671376,1523728069,0.5299708751134276
2024-08-27 21:00:00,Tuesday,link_18,1772.2306813437033,968582706,0.35444613626874066
2024-08-27 21:00:00,Tuesday,link_19,853.5839638653805,497588259,0.1707167927730761
2024-08-27 21:00:00,Tuesday,link_20,572.475378282702,342449796,0.1144950756565404
2024-08-27 21:00:00,Tuesday,link_21,2649.1818669891886,1617260717,0.5298363733978377
2024-08-27 21:00:00,Tuesday,link_22,1771.9784906269724,1043021810,0.3543956981253945
2024-08-27 21:00:00,Tuesday,link_23,855.6014895992275,416936396,0.1711202979198455
2024-08-27 21:00:00,Tuesday,link_24,574.4929040165489,222478202,0.11489858080330978
2024-08-27 21:00:00,Tuesday,link_25,3174.411066367351,1827808058,0.3174411066367351
2024-08-27 21:00:00,Tuesday,link_26,2596.7261979091672,1525670286,0.2596726197909167
2024-08-27 21:00:00,Tuesday,link_27,3018.389076283185,1685876953,0.3018389076283185
2024-08-27 21:00:00,Tuesday,link_28,2477.6921796121956,1429357491,0.24776921796121956
2024-08-27 21:00:00,Tuesday,link_29,3377.5086569079467,1962185822,0.33775086569079465
2024-08-27 21:00:00,Tuesday,link_30,2766.8708681302624,1622975219,0.27668708681302623
2024-08-27 21:00:00,Tuesday,link_31,3460.8997205736214,2074540113,0.34608997205736214
2024-08-27 21:00:00,Tuesday,link_32,2831.4316916133653,1658923186,0.2831431691613365
2024-08-27 21:00:00,Tuesday,link_33,3058.7395909601246,1320497300,0.30587395909601245
2024-08-27 21:00:00,Tuesday,link_34,2498.539945528614,1290391646,0.24985399455286142
2024-08-27 21:00:00,Tuesday,link_35,3337.1581422310073,1856120690,0.33371581422310076
2024-08-27 21:00:00,Tuesday,link_36,2735.2629649666596,1471689755,0.273526296496666
2024-08-27 21:00:00,Tuesday,link_37,5329.128550115921,3071876350,0.10658257100231842
2024-08-27 21:00:00,Tuesday,link_38,7120.691401772035,3717344008,0.1424138280354407
2024-08-27 21:00:00,Tuesday,link_39,5321.058447180533,3187165055,0.10642116894361066
2024-08-27 22:00:00,Tuesday,link_1,2645.146815521495,1582884638,0.5290293631042989
2024-08-27 22:00:00,Tuesday,link_2,1772.062554199216,829669305,0.3544125108398432
2024-08-27 22:00:00,Tuesday,link_3,858.9640324889725,439575872,0.1717928064977945
2024-08-27 22:00:00,Tuesday,link_4,575.1654125944979,290790878,0.11503308251889957
2024-08-27 22:00:00,Tuesday,link_5,2654.5619356127804,1537002642,0.5309123871225561
2024-08-27 22:00:00,Tuesday,link_6,1773.0713170661395,1050628249,0.3546142634132279
2024-08-27 22:00:00,Tuesday,link_7,854.9289810212786,515598019,0.17098579620425572
2024-08-27 22:00:00,Tuesday,link_8,569.7853439709061,330285476,0.11395706879418122
2024-08-27 22:00:00,Tuesday,link_9,2651.8719013009845,1358634928,0.5303743802601969
2024-08-27 22:00:00,Tuesday,link_10,1766.262167714406,1052434449,0.35325243354288116
2024-08-27 22:00:00,Tuesday,link_11,855.6014895992275,436629261,0.1711202979198455
2024-08-27 22:00:00,Tuesday,link_12,573.1478868606509,368286932,0.11462957737213018
2024-08-27 22:00:00,Tuesday,link_13,2654.5619356127804,1505666537,0.5309123871225561
2024-08-27 22:00:00,Tuesday,link_14,1777.1063685338336,1031216171,0.35542127370676674
2024-08-27 22:00:00,Tuesday,link_15,852.2389467094825,555875907,0.1704477893418965
2024-08-27 22:00:00,Tuesday,link_16,574.4929040165489,338605542,0.11489858080330978
2024-08-27 22:00:00,Tuesday,link_17,2650.5268841450866,1311167892,0.5301053768290173
2024-08-27 22:00:00,Tuesday,link_18,1772.735062777165,913107158,0.354547012555433
2024-08-27 22:00:00,Tuesday,link_19,854.9289810212786,461718843,0.17098579620425572
2024-08-27 22:00:00,Tuesday,link_20,572.475378282702,310904623,0.1144950756565404
2024-08-27 22:00:00,Tuesday,link_21,2649.8543755671376,1385307973,0.5299708751134276
2024-08-27 22:00:00,Tuesday,link_22,1771.5581727657543,994479250,0.35431163455315084
2024-08-27 22:00:00,Tuesday,link_23,856.2739981771765,457812069,0.1712547996354353
2024-08-27 22:00:00,Tuesday,link_24,574.4929040165489,292347102,0.11489858080330978
2024-08-27 22:00:00,Tuesday,link_25,3181.136152146841,1856891288,0.3181136152146841
2024-08-27 22:00:00,Tuesday,link_26,2602.778775110708,1338813831,0.2602778775110708
2024-08-27 22:00:00,Tuesday,link_27,3025.786670640624,1719175221,0.3025786670640624
2024-08-27 22:00:00,Tuesday,link_28,2483.072248235788,1214564631,0.24830722482357878
2024-08-27 22:00:00,Tuesday,link_29,3384.2337426874365,1856079082,0.33842337426874364
2024-08-27 22:00:00,Tuesday,link_30,2772.923445331803,1648232785,0.2772923445331803
2024-08-27 22:00:00,Tuesday,link_31,3466.2797891972136,2144905938,0.34662797891972136
2024-08-27 22:00:00,Tuesday,link_32,2836.8117602369575,1847059406,0.28368117602369575
2024-08-27 22:00:00,Tuesday,link_33,3064.1196595837164,1555932748,0.3064119659583716
2024-08-27 22:00:00,Tuesday,link_34,2503.9200141522065,1401340758,0.25039200141522067
2024-08-27 22:00:00,Tuesday,link_35,3343.883228010497,1956285943,0.3343883228010497
2024-08-27 22:00:00,Tuesday,link_36,2741.3155421682004,1400180103,0.27413155421682006
2024-08-27 22:00:00,Tuesday,link_37,5318.368412868737,2980399794,0.10636736825737475
2024-08-27 22:00:00,Tuesday,link_38,7107.241230213055,4271503447,0.14214482460426112
2024-08-27 22:00:00,Tuesday,link_39,5310.298309933349,2984870142,0.10620596619866697
2024-08-27 23:00:00,Tuesday,link_1,2672.719667217403,1525475169,0.5345439334434806
2024-08-27 23:00:00,Tuesday,link_2,1789.1274593646717,792856988,0.35782549187293433
2024-08-27 23:00:00,Tuesday,link_3,846.1863695079417,445962725,0.16923727390158833
2024-08-27 23:00:00,Tuesday,link_4,566.422801081161,337451660,0.11328456021623219
2024-08-27 23:00:00,Tuesday,link_5,2679.444752996893,1407737359,0.5358889505993786
2024-08-27 23:00:00,Tuesday,link_6,1788.9593322201845,913899010,0.3577918664440369
2024-08-27 23:00:00,Tuesday,link_7,842.8238266181967,490682870,0.16856476532363934
2024-08-27 23:00:00,Tuesday,link_8,561.0427324575692,273692243,0.11220854649151384
2024-08-27 23:00:00,Tuesday,link_9,2677.427227263046,1433708148,0.5354854454526092
2024-08-27 23:00:00,Tuesday,link_10,1783.7473907410797,953553338,0.35674947814821595
2024-08-27 23:00:00,Tuesday,link_11,843.4963351961457,526489713,0.16869926703922913
2024-08-27 23:00:00,Tuesday,link_12,563.7327667693651,340047307,0.11274655335387301
2024-08-27 23:00:00,Tuesday,link_13,2680.117261574842,1478542043,0.5360234523149684
2024-08-27 23:00:00,Tuesday,link_14,1793.6668922658273,1224557599,0.35873337845316544
2024-08-27 23:00:00,Tuesday,link_15,839.4612837284517,479462873,0.16789225674569033
2024-08-27 23:00:00,Tuesday,link_16,565.077783925263,344165217,0.11301555678505261
2024-08-27 23:00:00,Tuesday,link_17,2675.409701529199,1522117594,0.5350819403058398
2024-08-27 23:00:00,Tuesday,link_18,1789.5477772258898,1147745052,0.35790955544517794
2024-08-27 23:00:00,Tuesday,link_19,841.4788094622987,473665601,0.16829576189245973
2024-08-27 23:00:00,Tuesday,link_20,563.7327667693651,285328579,0.11274655335387301
2024-08-27 23:00:00,Tuesday,link_21,2676.082210107148,1386151455,0.5352164420214296
2024-08-27 23:00:00,Tuesday,link_22,1787.3621243475557,967637193,0.35747242486951114
2024-08-27 23:00:00,Tuesday,link_23,844.1688437740946,418591389,0.16883376875481892
2024-08-27 23:00:00,Tuesday,link_24,565.077783925263,287223342,0.11301555678505261
2024-08-27 23:00:00,Tuesday,link_25,3193.241306549923,1489382990,0.3193241306549923
2024-08-27 23:00:00,Tuesday,link_26,2612.866403779943,1673960711,0.2612866403779943
2024-08-27 23:00:00,Tuesday,link_27,3038.564333621655,1872262261,0.3038564333621655
2024-08-27 23:00:00,Tuesday,link_28,2492.4873683270735,1226229984,0.24924873683270735
2024-08-27 23:00:00,Tuesday,link_29,3396.3388970905185,1570115556,0.33963388970905184
2024-08-27 23:00:00,Tuesday,link_30,2783.0110740010377,1560091655,0.2783011074001038
2024-08-27 23:00:00,Tuesday,link_31,3478.3849436002956,1962477519,0.34783849436002956
2024-08-27 23:00:00,Tuesday,link_32,2846.899388906192,1628029820,0.2846899388906192
2024-08-27 23:00:00,Tuesday,link_33,3076.2248139867984,1649684359,0.3076224813986798
2024-08-27 23:00:00,Tuesday,link_34,2514.007642821441,1454582356,0.2514007642821441
2024-08-27 23:00:00,Tuesday,link_35,3355.9883824135786,1579902486,0.3355988382413579
2024-08-27 23:00:00,Tuesday,link_36,2750.730662259486,1570706823,0.2750730662259486
2024-08-27 23:00:00,Tuesday,link_37,5299.538172686165,3466397599,0.1059907634537233
2024-08-27 23:00:00,Tuesday,link_38,7074.960818471503,4024052980,0.14149921636943008
2024-08-27 23:00:00,Tuesday,link_39,5291.468069750777,2241601801,0.10582936139501554
